-- ============================================================
-- FUELTRACKS SEED DATA
-- Run after schema.sql
-- All passwords are bcrypt hash of 'password123'
-- ============================================================

-- Password hash for 'password123' (bcrypt, 10 rounds)
-- $2a$10$985IToIvFVALAMSy4SL7ReDk4SJL3XLK.wROiYAgXUbSTtCLMTdM.

-- ============================================================
-- ORGANIZATIONS
-- ============================================================
INSERT INTO organizations (id, name, type, parent_id) VALUES
  ('a0000000-0000-0000-0000-000000000001', 'FuelTracks Platform', 'super', NULL),
  ('a0000000-0000-0000-0000-000000000002', 'ABC Logistics', 'dealer', 'a0000000-0000-0000-0000-000000000001'),
  ('a0000000-0000-0000-0000-000000000003', 'XYZ Transport', 'dealer', 'a0000000-0000-0000-0000-000000000001'),
  ('a0000000-0000-0000-0000-000000000004', 'ABC Sub-Fleet', 'customer', 'a0000000-0000-0000-0000-000000000002');

-- ============================================================
-- USERS
-- ============================================================
INSERT INTO users (id, org_id, email, password, role, name, phone) VALUES
  ('b0000000-0000-0000-0000-000000000001', 'a0000000-0000-0000-0000-000000000001',
   'admin@fueltracks.in', '$2a$10$985IToIvFVALAMSy4SL7ReDk4SJL3XLK.wROiYAgXUbSTtCLMTdM.',
   'superadmin', 'Super Admin', '+919999999999'),

  ('b0000000-0000-0000-0000-000000000002', 'a0000000-0000-0000-0000-000000000002',
   'dealer@abclogistics.com', '$2a$10$985IToIvFVALAMSy4SL7ReDk4SJL3XLK.wROiYAgXUbSTtCLMTdM.',
   'dealer', 'ABC Dealer Admin', '+919888888888'),

  ('b0000000-0000-0000-0000-000000000003', 'a0000000-0000-0000-0000-000000000003',
   'dealer@xyztransport.com', '$2a$10$985IToIvFVALAMSy4SL7ReDk4SJL3XLK.wROiYAgXUbSTtCLMTdM.',
   'dealer', 'XYZ Dealer Admin', '+919777777777'),

  ('b0000000-0000-0000-0000-000000000004', 'a0000000-0000-0000-0000-000000000004',
   'customer@abcfleet.com', '$2a$10$985IToIvFVALAMSy4SL7ReDk4SJL3XLK.wROiYAgXUbSTtCLMTdM.',
   'customer', 'Fleet Customer', '+919666666666');

-- ============================================================
-- GROUPS
-- ============================================================
INSERT INTO groups (id, org_id, name, description) VALUES
  ('c0000000-0000-0000-0000-000000000001', 'a0000000-0000-0000-0000-000000000002',
   'North Region', 'Vehicles operating in north zone'),
  ('c0000000-0000-0000-0000-000000000002', 'a0000000-0000-0000-0000-000000000002',
   'South Region', 'Vehicles operating in south zone'),
  ('c0000000-0000-0000-0000-000000000003', 'a0000000-0000-0000-0000-000000000003',
   'Delivery Fleet', 'All delivery vehicles');

-- ============================================================
-- VEHICLES (with real-looking IMEIs)
-- ============================================================
INSERT INTO vehicles (id, org_id, imei, name, plate, model, driver_name, driver_phone) VALUES
  ('d0000000-0000-0000-0000-000000000001', 'a0000000-0000-0000-0000-000000000002',
   '865006049210215', 'Truck Alpha', 'MH12AB1234', 'Tata Prima', 'Ramesh Kumar', '+919111111111'),
  ('d0000000-0000-0000-0000-000000000002', 'a0000000-0000-0000-0000-000000000002',
   '865006049210216', 'Truck Beta', 'MH12CD5678', 'Ashok Leyland', 'Suresh Patil', '+919222222222'),
  ('d0000000-0000-0000-0000-000000000003', 'a0000000-0000-0000-0000-000000000002',
   '865006049210217', 'Truck Gamma', 'MH14EF9012', 'BharatBenz', 'Mahesh Singh', '+919333333333'),
  ('d0000000-0000-0000-0000-000000000004', 'a0000000-0000-0000-0000-000000000003',
   '865006049210218', 'Delivery Van 1', 'DL01GH3456', 'Eicher Pro', 'Vijay Sharma', '+919444444444'),
  ('d0000000-0000-0000-0000-000000000005', 'a0000000-0000-0000-0000-000000000003',
   '865006049210219', 'Delivery Van 2', 'DL01IJ7890', 'Mahindra Furio', 'Ajay Verma', '+919555555555');

-- ============================================================
-- VEHICLE ↔ GROUP assignments
-- ============================================================
INSERT INTO vehicle_groups (vehicle_id, group_id) VALUES
  ('d0000000-0000-0000-0000-000000000001', 'c0000000-0000-0000-0000-000000000001'),
  ('d0000000-0000-0000-0000-000000000002', 'c0000000-0000-0000-0000-000000000001'),
  ('d0000000-0000-0000-0000-000000000002', 'c0000000-0000-0000-0000-000000000002'), -- Beta in both regions
  ('d0000000-0000-0000-0000-000000000003', 'c0000000-0000-0000-0000-000000000002'),
  ('d0000000-0000-0000-0000-000000000004', 'c0000000-0000-0000-0000-000000000003'),
  ('d0000000-0000-0000-0000-000000000005', 'c0000000-0000-0000-0000-000000000003');

-- ============================================================
-- USER ↔ GROUP assignments
-- ============================================================
INSERT INTO user_groups (user_id, group_id) VALUES
  ('b0000000-0000-0000-0000-000000000002', 'c0000000-0000-0000-0000-000000000001'),
  ('b0000000-0000-0000-0000-000000000002', 'c0000000-0000-0000-0000-000000000002'),
  ('b0000000-0000-0000-0000-000000000004', 'c0000000-0000-0000-0000-000000000001');

-- ============================================================
-- VEHICLE LATEST STATE (initial - all offline)
-- ============================================================
INSERT INTO vehicle_latest_state (vehicle_id, is_online) VALUES
  ('d0000000-0000-0000-0000-000000000001', FALSE),
  ('d0000000-0000-0000-0000-000000000002', FALSE),
  ('d0000000-0000-0000-0000-000000000003', FALSE),
  ('d0000000-0000-0000-0000-000000000004', FALSE),
  ('d0000000-0000-0000-0000-000000000005', FALSE);
